pickup_day_of_week,avg_fare
0,12.02671000378608
1,11.631529126978254
2,11.821029125412606
3,12.232656684539373
4,12.067678728255128
5,11.321600166451438
6,11.993143282032765
